Pedro Jiménez González,11
Ana Rodríguez González,12
Pedro Pérez Vargas,12
Pedro Fernández Vargas,11
Pedro Suárez Ramírez,12
Luis Pérez Jiménez,12
Javier Rodríguez Ortega,11
Pedro López Jiménez,11
Elena López Ramírez,12
Javier Fernández Martínez,11
Rafael Torres Pérez,12
Sofía Suárez Vargas,12
Marta Díaz Moreno,12
Manuel Fernández Suárez,11
Ana Ramírez Díaz,12
Miguel Moreno Torres,12
Javier Fernández Romero,11
Manuel García Torres,11
Manuel Ramírez Moreno,12
José Fernández Vargas,12
Rafael Fernández Díaz,12
María Fernández Ortega,12
Manuel Sánchez Díaz,12
Luis López García,12
Pedro Ortega Moreno,12
Carmen Ruiz Martínez,11
Elena Ruiz Jiménez,11
Rafael García Suárez,11
